Microsoft Windows [Version 10.0.19045.4894] (c) Microsoft Corporation. All rights reserved. C:\Users\ABHISHEK GHARAT>mysql -u root -p Enter password: **** mysql> create database tri; Query OK, 1 row affected (0.01 sec) mysql> use tri Database changed mysql> create table notebook(notebook varchar(50),price int(3),quantity int(4)); Query OK, 0 rows affected, 2 warnings (0.06 sec) mysql> desc notebook; +----------+-------------+------+-----+---------+-------+ | Field    | Type        | Null | Key | Default | Extra | +----------+-------------+------+-----+---------+-------+ | notebook | varchar(50) | YES  |     | NULL    |       | | price    | int         | YES  |     | NULL    |       | | quantity | int         | YES  |     | NULL    |       | +----------+-------------+------+-----+---------+-------+ 3 rows in set (0.02 sec) mysql> CREATE TRIGGER N1     -> before INSERT     -> ON notebook     -> FOR EACH ROW     -> SET new.price = new.price+7; Query OK, 0 rows affected (0.02 sec) mysql> insert into notebook values('Classmate','65','300'),('Sundaram','62','200'); Query OK, 2 rows affected (0.01 sec) Records: 2  Duplicates: 0  Warnings: 0  mysql> select *from notebook; +-----------+-------+----------+ | notebook  | price | quantity | +-----------+-------+----------+ | Classmate |    72 |      300 | | Sundaram  |    69 |      200 | +-----------+-------+----------+ 2 rows in set (0.00 sec) mysql> update notebook set quantity=15 WHERE notebook='classmate'; Query OK, 1 row affected (0.01 sec) Rows matched: 1  Changed: 1  Warnings: 0 mysql> select *from notebook; +-----------+-------+----------+ | notebook  | price | quantity | +-----------+-------+----------+ | Classmate |    72 |       15 | | Sundaram  |    69 |      200 | +-----------+-------+----------+ 2 rows in set (0.00 sec) mysql> DELETE FROM notebook WHERE price='69'; Query OK, 1 row affected (0.01 sec)  mysql> select *from notebook; +-----------+-------+----------+ | notebook  | price | quantity | +-----------+-------+----------+ | Classmate |    72 |       15 | +-----------+-------+----------+ 1 row in set (0.00 sec) 